{"pow":[199,368.9,157.1,7.196,8.854,14.31,17.89,14.47,13.12,74.73,71.94,13.86,32.31,123.3,337.7,108.1,320.7,77.42,2.536,5.111,5.288,1.901,63.66,16.41,63.83,141.3,37.5,23.2,15.24,36.8,94.44,129.1,45.97,33.23,25.06,8.228,34.92,27.75,17.1,15.93,18.32,12.56,29.15,19.94,13.87,4.073,6.49,16.16,41.27,44.89,12.44,12.48,4.345,2.153,4.179,32.99,21.54,4.194,2.589,3.636,6.824,17.57,30.11,9.553,50.52,12.01,148.3,41.8,64.89,26.27,28.5,27.29,37.44,20.69,16.82,15.35,84.63,87.65,110.9,109.4,183.3,32.69,93.36,128.7,358.2,136.2,47.28,38.73,16.17,147.2,417.4,57.01,68.07,46.97,26.6,11.71,23.84,10.92,4.118,3.415,4.1,4.347,14.16,88.27,59.46,38.48,139.7,24.27,39.46,82.66,66,86.67,86.01,20.08,10.74,4.781,4.149,5.136,20.36,24.5,30.62,65.68,41.05,37.8,16.46,4.361,11.31,34.02,18.32,4.237,8.185,5.516,24.04,21.96,12.59,5.304,14.75,13.85,31.41,26.66,18.48,25.89,18.89,13.98,4.983,28.92,41.81,14.65,12.69,34.13,16.33,8.517,10.93,13.42],"t":1800,"EI":[0,0.1094,0,0,0.1307,0,0,0,0.09821,0.212,0.2138,0.5712,0.1835,0.1804,0,0.09292,0,0.06491,0.08739,0.07585,0.06628,0.1745,0.253,0.1755,0.3011,0.218,0,0,0,0,0.08477,0,0,0,0,0,0.09034,0.07595,0,0,0,0.05385,0,0,0,0,0,0,0,0,0,0,0,0,0,0,0,0,0,0,0,0,0,0,0,0,0,0,0,0,0,0,0,0,0,0,0,1,0.7307,0.463,0.4498,0.2398,1,0.3079,0.3723,0.5453,0.6399,0.1448,0,0.409,0.6495,0.5794,0.3124,0,0,0,0,0,0,0,0,0,0,0.09138,0.1366,0.08786,0,0,0,0.4132,0.2954,0.1529,0.4317,0,0,0,0,0,0,0,0.06456,0.1602,0.2495,0.4768,0.2806,0.1644,0,0,0.1511,0.2177,0.2398,0,0,0,0,0,0,0,0.08386,0,0,0,0.1099,0,0,0,0,0,0,0,0,0.02454,0,0.08246]}