{"pow":[8093,8325,10530,170.6,824.4,914.1,731,746.5,640.5,2196,2188,2366,1420,2920,22380,3763,19750,2046,68.55,70.75,73.6,72.42,1300,139.2,138.7,1806,1101,754.3,376.7,1871,670.1,1825,900.2,2903,535.9,127.6,639.7,235.9,158.9,584.1,524,332.2,451.1,189.7,252.1,142.7,226,838.6,1147,2454,585.6,718.1,334.5,204.3,259.5,2715,1483,104.8,99.16,134.7,186.8,440.1,3844,379,2081,200.2,4505,1322,4835,1880,973.6,1275,2000,1032,474.2,722.7,7972,1599,2669,1480,7400,405.3,435.2,2132,10360,5090,1892,656.8,1172,10350,9908,710.5,824.9,1129,749.7,197.6,395.2,124.8,135.5,142.7,141.9,101.2,772.6,21670,1720,3480,5874,1193,5167,7404,1481,2336,2552,187.2,132.7,167.1,92.16,139.2,243.7,469.8,706.9,2415,637.7,2389,613.1,205.2,1524,1616,499.8,166.6,233.5,353.1,2175,779.4,2092,551.6,545.9,445.1,980,495.3,607.1,1040,446.6,239.9,501.5,429.3,817.6,390,617.2,1339,955.2,231.3,312.9,598.6],"t":1800,"EI":[0,0.1094,0,0,0.1307,0,0,0,0.09821,0.212,0.2138,0.5712,0.1835,0.1804,0,0.09292,0,0.06491,0.08739,0.07585,0.06628,0.1745,0.253,0.1755,0.3011,0.218,0,0,0,0,0.08477,0,0,0,0,0,0.09034,0.07595,0,0,0,0.05385,0,0,0,0,0,0,0,0,0,0,0,0,0,0,0,0,0,0,0,0,0,0,0,0,0,0,0,0,0,0,0,0,0,0,0,1,0.7307,0.463,0.4498,0.2398,1,0.3079,0.3723,0.5453,0.6399,0.1448,0,0.409,0.6495,0.5794,0.3124,0,0,0,0,0,0,0,0,0,0,0.09138,0.1366,0.08786,0,0,0,0.4132,0.2954,0.1529,0.4317,0,0,0,0,0,0,0,0.06456,0.1602,0.2495,0.4768,0.2806,0.1644,0,0,0.1511,0.2177,0.2398,0,0,0,0,0,0,0,0.08386,0,0,0,0.1099,0,0,0,0,0,0,0,0,0.02454,0,0.08246]}