{"pow":[1708,1437,2802,74.42,330.8,208.5,167.5,174.6,172.9,552,526.2,493.8,705.6,820,5704,1188,5050,617.8,23.22,24.73,31.03,31.08,704.2,44.32,62.41,1362,302.6,261,123.7,536.6,299.2,915,173.9,822.5,199.7,52.26,278.8,134.6,74.61,219,159.1,127.3,211,132.2,185.8,94.85,69.91,490.4,412.7,836.7,216,352.9,200.6,85.83,71.84,419.9,286.6,37.3,33.21,50.95,58.38,148.1,807.8,89.27,1432,118.1,2577,474,1623,468.6,332.7,358,809.4,270.5,171.8,324.7,1440,1240,1034,924.9,4058,319.8,342.6,3109,4405,920.5,1217,162.2,318.1,4970,7420,483.8,532,730.8,519.3,102.4,104.2,43.18,41.4,43.75,47.67,46.92,263.7,2571,602.2,518.4,2318,297,1346,1618,656.7,1829,1655,97.53,66.08,59.73,41.78,56.41,115.2,229.3,222,823.1,258.4,491.5,179.1,91.26,386.8,385.7,221.4,53.65,129.5,149.7,533.2,157.7,292.4,108.8,173.7,144.6,202.5,155.3,172.5,401.3,200.8,120.5,91.42,153.4,316.3,188.9,371.3,480.8,678.4,72.97,126.2,177.5],"t":1800,"EI":[0,0.1094,0,0,0.1307,0,0,0,0.09821,0.212,0.2138,0.5712,0.1835,0.1804,0,0.09292,0,0.06491,0.08739,0.07585,0.06628,0.1745,0.253,0.1755,0.3011,0.218,0,0,0,0,0.08477,0,0,0,0,0,0.09034,0.07595,0,0,0,0.05385,0,0,0,0,0,0,0,0,0,0,0,0,0,0,0,0,0,0,0,0,0,0,0,0,0,0,0,0,0,0,0,0,0,0,0,1,0.7307,0.463,0.4498,0.2398,1,0.3079,0.3723,0.5453,0.6399,0.1448,0,0.409,0.6495,0.5794,0.3124,0,0,0,0,0,0,0,0,0,0,0.09138,0.1366,0.08786,0,0,0,0.4132,0.2954,0.1529,0.4317,0,0,0,0,0,0,0,0.06456,0.1602,0.2495,0.4768,0.2806,0.1644,0,0,0.1511,0.2177,0.2398,0,0,0,0,0,0,0,0.08386,0,0,0,0.1099,0,0,0,0,0,0,0,0,0.02454,0,0.08246]}