{"pow":[464.9,809.1,759.7,27.99,43.55,46.1,56.6,48.01,58.54,176.7,156.3,128.7,437.5,321,1637,313.2,2081,215,15.55,11.83,13.36,11.02,175.5,32.31,62.89,477.2,101.1,74.45,46.96,144.1,217.2,439.8,90.28,262.9,47.4,25.1,58.66,106,29.68,77.21,59.1,44.1,97.66,71.97,90.85,30.97,26,101.4,108.4,162.4,60.92,66.68,27.88,12.31,16.06,138.8,77.3,14.64,11.06,16.8,25.68,109.6,131.8,40.18,272.2,43.14,556.4,106.9,151.6,105.8,131.2,140.2,205.1,77.92,75.54,101.9,494.2,307,324.8,348.4,957.9,106.4,305.8,629.6,976.4,268.1,184,90.53,81.22,857,2487,235.5,271.4,203.5,159.6,38.7,57.28,27.13,15.88,14.07,16.99,15.95,85.58,294,265.3,171.5,558.4,79.42,240.2,598.3,421.7,598.1,505.3,61.13,32.25,19.6,20.72,21.85,82.26,110.8,140.2,462.3,104.5,152.3,70.62,23.01,58.45,92.13,74.34,17.71,45.11,40.7,101.8,63.02,46.23,22.62,31.78,28.19,68.35,63.45,51.49,96.34,95.27,67.35,19.31,78.97,123.2,71.13,85.66,145.8,151.6,29.24,37.41,44.88],"t":1800,"EI":[0,0.1094,0,0,0.1307,0,0,0,0.09821,0.212,0.2138,0.5712,0.1835,0.1804,0,0.09292,0,0.06491,0.08739,0.07585,0.06628,0.1745,0.253,0.1755,0.3011,0.218,0,0,0,0,0.08477,0,0,0,0,0,0.09034,0.07595,0,0,0,0.05385,0,0,0,0,0,0,0,0,0,0,0,0,0,0,0,0,0,0,0,0,0,0,0,0,0,0,0,0,0,0,0,0,0,0,0,1,0.7307,0.463,0.4498,0.2398,1,0.3079,0.3723,0.5453,0.6399,0.1448,0,0.409,0.6495,0.5794,0.3124,0,0,0,0,0,0,0,0,0,0,0.09138,0.1366,0.08786,0,0,0,0.4132,0.2954,0.1529,0.4317,0,0,0,0,0,0,0,0.06456,0.1602,0.2495,0.4768,0.2806,0.1644,0,0,0.1511,0.2177,0.2398,0,0,0,0,0,0,0,0.08386,0,0,0,0.1099,0,0,0,0,0,0,0,0,0.02454,0,0.08246]}