{"pow":[392,772.8,1055,32.81,125.3,70.94,79.5,78.84,119.3,263.3,240.4,334.7,303.9,339.2,1964,407.8,1996,225.7,15.51,16.09,20.55,18.18,64.81,34.22,47.24,767.9,118.9,118.1,51.43,221.3,141.9,504.4,78.31,479.6,57.62,34.28,90.78,154.1,33.85,182.9,88.5,96.99,93.72,76.67,133,53.7,34.83,305.6,164.2,304.8,143.3,112.6,51.38,21.65,22.88,177,136.9,23.09,20.12,32.31,33.63,189,332.2,61.35,393.7,48.47,571.2,138.6,212.4,168,210.4,275.3,357.9,87.56,100.9,211.3,587.3,552.8,353.5,391.8,2004,110.1,244.5,1137,1302,372.4,455.3,103.9,219.5,1467,2631,210.3,263.4,265.7,193,40.98,47.69,25.51,18.08,17.06,19.92,23.6,117.6,633.3,404.1,331.8,817.5,140.1,630,888.8,434.6,1034,735.8,74.52,44.25,32.65,37.23,37.43,114.3,171.9,207.3,541.7,112.4,188.7,115.8,71.35,186.8,101.4,103.6,27.95,67.89,77.1,189.9,79.36,93.82,42.7,56.42,52.96,107.6,116,101,208.9,183,128.9,55.85,98.9,149.2,134,299.1,308.4,598.9,37.08,89.99,93.68],"t":1800,"EI":[0,0.1094,0,0,0.1307,0,0,0,0.09821,0.212,0.2138,0.5712,0.1835,0.1804,0,0.09292,0,0.06491,0.08739,0.07585,0.06628,0.1745,0.253,0.1755,0.3011,0.218,0,0,0,0,0.08477,0,0,0,0,0,0.09034,0.07595,0,0,0,0.05385,0,0,0,0,0,0,0,0,0,0,0,0,0,0,0,0,0,0,0,0,0,0,0,0,0,0,0,0,0,0,0,0,0,0,0,1,0.7307,0.463,0.4498,0.2398,1,0.3079,0.3723,0.5453,0.6399,0.1448,0,0.409,0.6495,0.5794,0.3124,0,0,0,0,0,0,0,0,0,0,0.09138,0.1366,0.08786,0,0,0,0.4132,0.2954,0.1529,0.4317,0,0,0,0,0,0,0,0.06456,0.1602,0.2495,0.4768,0.2806,0.1644,0,0,0.1511,0.2177,0.2398,0,0,0,0,0,0,0,0.08386,0,0,0,0.1099,0,0,0,0,0,0,0,0,0.02454,0,0.08246]}